algorithm,iteration,objective
I2VSLC,1,7659.419558113571
I2VSLC,2,7260.777199409338
I2VSLC,3,7072.829142806158
I2VSLC,4,6972.11860253675
I2VSLC,5,6950.0440838968025
I2VSLC,6,6945.041307195926
GRAFS,1,9000.675057637727
GRAFS,2,5221.911860993712
GRAFS,3,3090.9021355226178
GRAFS,4,1859.2733506751333
GRAFS,5,1145.1297554998655
GRAFS,6,730.2106446084439
GRAFS,7,488.70563061316346
GRAFS,8,347.9449943144485
GRAFS,9,265.90079998895027
GRAFS,10,218.20915070381153
GRAFS,11,190.6350867094674
GRAFS,12,174.7042685626028
GRAFS,13,165.23739013259234
GRAFS,14,159.02139542947074
GRAFS,15,154.08423301482952
GRAFS,16,149.23437756351072
GRAFS,17,143.5031996021763
GRAFS,18,134.3530184012103
GRAFS,19,116.78220981279915
GRAFS,20,96.75423364964368
GRAFS,21,79.03608175768491
GRAFS,22,68.79331199983346
GRAFS,23,60.388097946648124
GRAFS,24,52.64998126336366
GRAFS,25,46.37508016293006
GRAFS,26,43.544944253511176
GRAFS,27,41.75714001794033
GRAFS,28,40.52542795173123
GRAFS,29,39.63890636721053
GRAFS,30,38.98954254746012
GRAFS,31,38.509804688031416
GRAFS,32,38.15028951604028
GRAFS,33,37.8735677415627
GRAFS,34,37.65162744245531
GRAFS,35,37.46400083671356
GRAFS,36,37.29663600159844
GRAFS,37,37.1403686378262
GRAFS,38,36.9891587868698
GRAFS,39,36.83896108439856
GRAFS,40,36.68687703257844
GRAFS,41,36.53076778815725
GRAFS,42,36.36909506983384
GRAFS,43,36.20068811274102
GRAFS,44,36.025089131202776
GRAFS,45,35.8430945207765
GRAFS,46,35.654731483465895
GRAFS,47,35.459971768800216
GRAFS,48,35.25927384319621
GRAFS,49,35.05407593104824
GRAFS,50,34.846775421564786
GRAFS,51,34.63990700244054
GRAFS,52,34.43600555720053
GRAFS,53,34.238087180101445
GRAFS,54,34.048919732549024
GRAFS,55,33.870862175347334
GRAFS,56,33.705688973313244
GRAFS,57,33.55433873743695
GRAFS,58,33.41667167362007
GRAFS,59,33.29214577983062
GRAFS,60,33.17984301118126
GRAFS,61,33.08051042260509
GRAFS,62,32.99715286763121
GRAFS,63,32.929956419654374
GRAFS,64,32.87746441438411
GRAFS,65,32.837902246491595
GRAFS,66,32.80903980094084
EF2FS,1,8021.43676852968
EF2FS,2,6682.196164723581
EF2FS,3,5417.79709631497
EF2FS,4,4221.544770292769
EF2FS,5,3109.263468714508
EF2FS,6,2104.3647349410094
EF2FS,7,1240.275609089151
EF2FS,8,581.5366615794305
EF2FS,9,198.05166527432428
EF2FS,10,47.973361476763
EF2FS,11,17.963654766258905
EF2FS,12,13.224946049101494
EF2FS,13,11.089496077188924
EF2FS,14,9.587312879666738
EF2FS,15,8.45524200223226
EF2FS,16,7.568006047235215
EF2FS,17,6.852668183912237
EF2FS,18,6.263173875074296
EF2FS,19,5.7685294712656745
EF2FS,20,5.347204603517454
EF2FS,21,4.983877342207951
EF2FS,22,4.667284515680197
EF2FS,23,4.388919834332598
EF2FS,24,4.142226280520325
EF2FS,25,3.9220669138919533
EF2FS,26,3.7243599525997864
EF2FS,27,3.545821040524016
EF2FS,28,3.3837775935172116
EF2FS,29,3.236032712240706
EF2FS,30,3.100763862949003
EF2FS,31,2.9764463812573263
EF2FS,32,2.861794982428712
EF2FS,33,2.755718522526709
EF2FS,34,2.6572846390891662
EF2FS,35,2.5656918462823586
EF2FS,36,2.480247316519815
EF2FS,37,2.400349043105813
EF2FS,38,2.325471408497949
EF2FS,39,2.255153421654932
EF2FS,40,2.1889890636425853
EF2FS,41,2.12661931188101
EF2FS,42,2.067725512162676
EF2FS,43,2.0120238417061134
EF2FS,44,1.9592606618880282
EF2FS,45,1.9092086010045988
EF2FS,46,1.8616632399674087
EF2FS,47,1.8164403017986694
EF2FS,48,1.7733732690970683
EF2FS,49,1.7323113468105156
EF2FS,50,1.693117436679257
EF2FS,51,1.6556660109186758
EF2FS,52,1.6198425709691762
EF2FS,53,1.5855428528178261
EF2FS,54,1.5526714003971345
EF2FS,55,1.5211405924353685
EF2FS,56,1.490869846423971
EF2FS,57,1.4617849239024319
EF2FS,58,1.4338173171210598
EF2FS,59,1.4069037059975966
EF2FS,60,1.3809854754348434
EF2FS,61,1.356008285632687
EF2FS,62,1.3319216884408225
EF2FS,63,1.308678784478677
EF2FS,64,1.286235915917526
EF2FS,65,1.2645523906447071
EF2FS,66,1.2435902341873761
EF2FS,67,1.2233139661796373
EF2FS,68,1.2036903985839158
EF2FS,69,1.1846884532327444
EF2FS,70,1.1662789965620444
EF2FS,71,1.1484346894595507
EF2FS,72,1.1311298513389745
EF2FS,73,1.1143403365377154
EF2FS,74,1.098043419660003
EF2FS,75,1.082217695133413
EF2FS,76,1.066842980578129
EF2FS,77,1.0519002307732341
EF2FS,78,1.0373714595486967
EF2FS,79,1.023239666344826
EF2FS,80,1.0094887698479202
EF2FS,81,0.9961035469018247
EF2FS,82,0.9830695756319158
EF2FS,83,0.9703731835226619
EF2FS,84,0.9580013993574084
EF2FS,85,0.945941908759608
EF2FS,86,0.9341830130203839
EF2FS,87,0.922713591394129
EF2FS,88,0.9115230655574498
EF2FS,89,0.9006013669002249
EF2FS,90,0.8899389063332452
EF2FS,91,0.879526545906526
EF2FS,92,0.8693555725376801
EF2FS,93,0.8594176739067119
EF2FS,94,0.8497049152981061
EF2FS,95,0.8402097185375129
EF2FS,96,0.8309248421935974
EF2FS,97,0.8218433631187003
EF2FS,98,0.8129586589950929
EF2FS,99,0.8042643922496296
EF2FS,100,0.7957544948522991
DHLI,1,1884.1546588783592
DHLI,2,833.7313133590276
DHLI,3,707.9945889107545
DHLI,4,670.5335780059753
DHLI,5,642.1669598620774
DHLI,6,628.0698731402512
DHLI,7,628.0341854325459
UGRFS,1,391346483.1868187
UGRFS,2,328641719.55160475
UGRFS,3,276176947.4172936
UGRFS,4,232105334.1977115
UGRFS,5,195081196.7214469
UGRFS,6,163975106.7601107
UGRFS,7,137839057.9158965
UGRFS,8,115877251.48421696
UGRFS,9,97421598.78557855
UGRFS,10,81911177.39929281
UGRFS,11,68875000.46117902
UGRFS,12,57917563.20897918
UGRFS,13,48706718.10419849
UGRFS,14,40963502.359653756
UGRFS,15,34453602.66326334
UGRFS,16,28980192.92613835
UGRFS,17,24377923.62658662
UGRFS,18,20507877.127965383
UGRFS,19,17253333.3474968
UGRFS,20,14516215.290184438
UGRFS,21,12214105.027401296
UGRFS,22,10277738.355059894
UGRFS,23,8648901.165162409
UGRFS,24,7278662.970438382
UGRFS,25,6125893.4227538705
UGRFS,26,5156016.386947315
UGRFS,27,4339963.444817786
UGRFS,28,3653294.8370604897
UGRFS,29,3075460.9949346078
UGRFS,30,2589182.128354718
UGRFS,31,2179926.956953021
UGRFS,32,1835474.7076107385
UGRFS,33,1545547.049942347
UGRFS,34,1301498.779194991
UGRFS,35,1096057.8503790004
UGRFS,36,923106.8736977724
UGRFS,37,777499.4455421166
UGRFS,38,654905.7501668388
UGRFS,39,551682.7578824256
UGRFS,40,464765.0935645503
UGRFS,41,391573.27740535775
UGRFS,42,329936.56742534315
UGRFS,43,278028.07612692716
UGRFS,44,234310.205493572
UGRFS,45,197488.75709603797
UGRFS,46,166474.33602229555
UGRFS,47,140349.88613705902
UGRFS,48,118343.37919457385
UGRFS,49,99804.8377317778
UGRFS,50,84187.00757350045
UGRFS,51,71029.10042069734
UGRFS,52,59943.11343898891
UGRFS,53,50602.31633909575
UGRFS,54,42731.56221023901
UGRFS,55,36099.12676688352
UGRFS,56,30509.858079407742
UGRFS,57,25799.41272789184
UGRFS,58,21829.38154734771
UGRFS,59,18483.180328728224
UGRFS,60,15662.59501212437
UGRFS,61,13284.88128373145
UGRFS,62,11280.328444651077
UGRFS,63,9590.20906616662
UGRFS,64,8165.058138961571
UGRFS,65,6963.203745211129
UGRFS,66,5949.537620166126
UGRFS,67,5094.483347600188
UGRFS,68,4373.13385076174
UGRFS,69,3764.5157460664454
UGRFS,70,3250.915158139226
UGRFS,71,2817.405303794105
UGRFS,72,2451.3987423045496
UGRFS,73,2142.2951747698808
UGRFS,74,1881.168479152613
UGRFS,75,1660.4965437630105
UGRFS,76,1473.9797559219958
UGRFS,77,1316.3609722142924
UGRFS,78,1183.211477444881
UGRFS,79,1070.7311863629263
UGRFS,80,975.6823468916186
UGRFS,81,895.3385148694794
UGRFS,82,827.4303268165169
UGRFS,83,770.0490426084224
UGRFS,84,721.5577851496918
UGRFS,85,680.5885637569108
UGRFS,86,645.9971791026259
UGRFS,87,616.7855144624631
UGRFS,88,592.0948188059217
UGRFS,89,571.2041272563936
UGRFS,90,553.5059123167512
UGRFS,91,538.4592713867318
UGRFS,92,525.6005336757052
UGRFS,93,514.60891083539
UGRFS,94,505.3227669801425
UGRFS,95,497.58564993153476
UGRFS,96,491.1220246453836
UGRFS,97,485.65811424222466
UGRFS,98,480.9925124380575
UGRFS,99,476.98387904177326
UGRFS,100,473.5371870603282
UGRFS,101,470.59227891176863
UGRFS,102,468.11718162886626
UGRFS,103,466.04869934899517
UGRFS,104,464.3024423545195
UGRFS,105,462.81452228799355
UGRFS,106,461.57105443858075
UGRFS,107,460.54688427679497
UGRFS,108,459.6907867616748
UGRFS,109,458.9657855225721
UGRFS,110,458.34685628204056
UGRFS,111,457.8119038460879
UGRFS,112,457.33788429644676
UGRFS,113,456.90222709098293
TOCL,1,9992.135304295976
TOCL,2,3783.6921533078817
TOCL,3,3739.119414559458
TOCL,4,3736.3836056277632
TOCL,5,3736.364993350957
TOCL,6,3736.364991746418
